size,time_s
500,5.54307222366333
1000,31.46516251564026
2000,178.84530973434448
