size,time_s
500,1.1212286949157715
1000,3.735724449157715
2000,15.066480159759521
